Link,Date,TIME,DAY OF WEEK,CATEGORY,Project duration,Difficulty,Copy,PHOTO COLORS,Reposted?,Reach,Shares,Likes,Comments,Clicks,%
https://www.facebook.com/Hometalk/photos/a.230340873650143/24551384094452482/?type=3,03/02/2023,16:03,Thursday,kitchen,2 hours,easy,"Instead of painting her old oak cabinets, look what this woman does in half the time https://www.hometalk.com/l/oniA","person, brown, hand gesture",yes,406393,45,142,28,29048,7.15%
https://www.facebook.com/Hometalk/photos/a.230340873650143/24551938624397029/?type=3,03/02/2023,19:03,Thursday,upcycle,3 hours,medium,"She takes off the back of an old hutch, paints it, and then does this https://www.hometalk.com/l/H4Qf","brown, vintage furniture hutch",,212132,10,134,27,10286,4.85%
https://www.facebook.com/Hometalk/photos/a.230340873650143/24550973924493499/?type=3,03/02/2023,14:03,Thursday,outdoor,4 hours,medium,How a pallet can make your porch more high-end https://www.hometalk.com/l/LOBJ,"blue, person, outdoors",,94675,7,45,1,2226,2.35%
https://www.facebook.com/Hometalk/photos/a.230340873650143/24549131051344453/?type=3,03/02/2023,7:03,Thursday,Bathroom,,,You might want to rethink your bathtub when you see this https://www.hometalk.com/l/wVNn,"white, bathtub",,104417,6,53,2,2151,2.06%
https://www.facebook.com/Hometalk/photos/a.230340873650143/24550516251205933/?type=3,03/02/2023,12:03,Thursday,upcycle,1 day,easy,Why we're using fabric scraps on all of our old pieces of furniture https://www.hometalk.com/l/v8aaM,"white, blue, hands",,89774,4,29,0,1919,2.14%
https://www.facebook.com/Hometalk/photos/a.230340873650143/24557011077223117/?type=3,03/03/2023,14:03,Friday,home improvement,5 days,medium,She breaks the ceiling over her staircase and the result is breathtaking https://www.hometalk.com/l/1qPK,"white, staircase",,434586,21,303,35,25044,5.76%
https://www.facebook.com/Hometalk/photos/a.230340873650143/24556543247269900/?type=3,03/03/2023,12:03,Friday,St. Patricks,5 minutes,easy,Why everyone's putting a spare belt on their tabletop this month (clever!) https://www.hometalk.com/l/SgeWd,"black, white, belt",,176018,2,64,17,6098,3.46%
https://www.facebook.com/Hometalk/photos/a.230340873650143/24557461740511384/?type=3,03/03/2023,16:03,Friday,Bedroom,,,Why this couple taped up their bedroom blinds https://www.hometalk.com/l/jhr0,"bad photo, window, white",,106744,2,29,3,5247,4.92%
https://www.facebook.com/Hometalk/photos/a.230340873650143/24555021724088719/?type=3,03/03/2023,7:03,Friday,Staircase,6 hours,medium,Put bits of masking tape on your stairs for the easiest update we've ever seen https://www.hometalk.com/l/1Fd2,"staircase, brown",,156791,8,39,1,2740,1.75%
https://www.facebook.com/Hometalk/photos/a.230340873650143/24558100107114214/?type=3,03/03/2023,19:03,Friday,front door,2 hours,easy,"She cuts up a wreath and hangs it over her door for the coolest hack. https://www.hometalk.com/l/DjXI

Shared by: Chloe Crabtree","blue, door, wire",,112372,6,29,1,1370,1.22%
https://www.facebook.com/Hometalk/photos/a.230340873650143/24563597493231142/?type=3,03/04/2023,16:03,Saturday,spring,2 hours,medium,She hangs branches over her door for this breathtaking spring look https://www.hometalk.com/l/sJ7D,"blue, door, branch",,323230,24,204,31,11730,3.63%
https://www.facebook.com/Hometalk/photos/a.230340873650143/24561251270132431/?type=3,03/04/2023,7:03,Saturday,storage,1 hour,medium,This super simple change will clear closet clutter in 1 hour https://www.hometalk.com/l/Kaym,"closet, before, colorful",,168178,7,29,4,5938,3.53%
https://www.facebook.com/Hometalk/photos/a.230340873650143/24564130029844555/?type=3,03/04/2023,19:03,Saturday,upcycle,3 hours,medium,The clever way she's using part of this piano in her kitchen https://www.hometalk.com/l/OEBt,"brown, vintage furniture, piano",,127732,4,63,5,3007,2.35%
https://www.facebook.com/Hometalk/photos/a.230340873650143/24562757553315136/?type=3,03/04/2023,12:03,Saturday,front door,2 hours,easy,Cut up an old tire and make your mantel or front door super impressive https://www.hometalk.com/l/tlzPn,"black, white, bicycle tire",,101245,2,30,0,1872,1.85%
https://www.facebook.com/Hometalk/photos/a.230340873650143/24563190776605147/?type=3,03/04/2023,14:03,Saturday,Decor,2 hours,easy,Why she glues a cup to a saucer and clears a spot on her wall https://www.hometalk.com/l/BXf4,"colorful, green, before after",,111703,5,43,3,1440,1.29%
https://www.facebook.com/Hometalk/photos/a.230340873650143/24569189289338629/?type=3,03/05/2023,16:03,Sunday,Bedroom,3 hours,easy,Everyone is going to be copying this $6 bed upgrade when they see what she did https://www.hometalk.com/l/cDrT,"bad photos, bed, person ",,129732,10,57,1,5183,4.00%
https://www.facebook.com/Hometalk/photos/a.230340873650143/24566919349565623/?type=3,03/05/2023,7:03,Sunday,outdoor,,,The surprising reason we should all be sprinkling used coffee grounds by our doors and windows https://www.hometalk.com/l/7GuC,"brown, blue, white",,98675,12,39,0,2416,2.45%
https://www.facebook.com/Hometalk/photos/a.230340873650143/24568777046046520/?type=3,03/05/2023,14:03,Sunday,upcycle,10 hours,advanced,They split this vintage vanity down the middle for a breathtaking flip https://www.hometalk.com/l/5Wpv,"brown, vintage furniture",,65946,4,47,12,947,1.44%
https://www.facebook.com/Hometalk/photos/a.230340873650143/24568338259423732/?type=3,03/05/2023,12:03,Sunday,spring,1 hour,easy,The $4 spring decorating hack we cannot wait to try https://www.hometalk.com/l/KDDn,"pink, drink",,47119,0,15,1,407,0.86%
https://www.facebook.com/Hometalk/photos/a.230340873650143/24569706425953582/?type=3,03/05/2023,19:03,Sunday,outdoor,3 months,advanced,She ripped up her lawn for a front yard update that saved her so much money https://www.hometalk.com/l/6IRL,"green, outdoors",,40675,0,14,0,361,0.89%
https://www.facebook.com/Hometalk/photos/a.230340873650143/24575867065337518/?type=3,03/06/2023,19:03,Monday,hack,10 minutes,easy,10 Hacks you didn't know you could do with a Magic Eraser https://www.hometalk.com/l/2B79,"yellow blue, circled product",,172555,17,66,5,5669,3.29%
https://www.facebook.com/Hometalk/photos/a.230340873650143/24575867122004179/?type=3,03/06/2023,19:03,Monday,Bedroom,2 days,easy,She cuts pool noodles in half for this wild and beautiful bedroom upgrade you haven't seen before https://www.hometalk.com/l/Z41l,"yellow, black, person cutting pool noodle",,190185,9,66,0,5099,2.68%
https://www.facebook.com/Hometalk/photos/a.230340873650143/24574762365447988/?type=3,03/06/2023,14:03,Monday,living room,1 day,easy,"She uses empty cardboard boxes for an insanely cool, $20 living room update https://www.hometalk.com/l/fdL2","person, cardboard",,75733,1,18,4,838,1.11%
https://www.facebook.com/Hometalk/photos/a.230340873650143/24574234045500820/?type=3,03/06/2023,12:03,Monday,accent wall,20 minutes,easy,"5 ways to create an accent wall in 20 minutes, and the best part? these are all renter friendly! https://www.hometalk.com/l/troY","hand, black",,87169,2,27,0,827,0.95%
https://www.facebook.com/Hometalk/photos/a.230340873650143/24575237358733822/?type=3,03/06/2023,16:03,Monday,Dollar store,,,Spray some dollar store bowls for the cutest (and easiest!) garden decor idea fhttps://www.hometalk.com/l/bWQQ,"hand, grey, spray bottle",,106536,3,29,3,675,0.63%
https://www.facebook.com/Hometalk/photos/a.230340873650143/24581504971440394/?type=3,03/07/2023,16:03,Tuesday,cleaning,10 minutes,easy,"Grab an extra container of cornstarch for this amazing, 10-minute hack https://www.hometalk.com/l/d0Pc","yellow, corn starch container",,166713,13,55,1,3410,2.05%
https://www.facebook.com/Hometalk/photos/a.230340873650143/24582113234712901/?type=3,03/07/2023,19:03,Tuesday,Decor,,,Pour this into cupcake liners (it's not batter!) if you love Pottery Barn https://www.hometalk.com/l/K6A6Z,"colorful, cupcake liners",,90513,4,17,0,1766,1.95%
https://www.facebook.com/Hometalk/photos/a.230340873650143/24580574411533450/?type=3,03/07/2023,12:03,Tuesday,living room,2 days,medium,She uses armfuls of pool noodles to make something mind-blowing for her living room https://www.hometalk.com/l/ozDZ,"colorful, person, unclear what project is",,116770,8,35,0,1480,1.27%
https://www.facebook.com/Hometalk/photos/a.230340873650143/24581060741484817/?type=3,03/07/2023,14:03,Tuesday,living room,2 days,easy,The gorgeous reason she stands giant pieces of PVC pipe in her living room https://www.hometalk.com/l/Zajh,"grey, black, outdoor, pipe",,122963,2,33,0,1301,1.06%
https://www.facebook.com/Hometalk/photos/a.230340873650143/24579011818356376/?type=3,03/07/2023,7:03,Tuesday,Decor,1 day,easy,We can't wait to copy this gorgeous turmeric hack https://www.hometalk.com/l/Yett,"yellow, pot",,98885,3,20,2,455,0.46%
https://www.facebook.com/Hometalk/photos/a.230340873650143/24588230904101134/?type=3,03/08/2023,19:03,Wednesday,storage,30 minutes,easy,She sticks 5 Command strips on her wall for a trend that's spreading like crazy https://www.hometalk.com/l/owQa,"hand, red, white, command strips",,211095,9,66,30,17740,8.40%
https://www.facebook.com/Hometalk/photos/a.230340873650143/24587241620866729/?type=3,03/08/2023,14:03,Wednesday,Cleaning,2 days,medium,"Instead of tearing up your dingy bathroom tile, clean the floor and then do THIS https://www.hometalk.com/l/EKkE","beige, brown, bathroom tiles",,373155,18,92,10,8245,2.21%
https://www.facebook.com/Hometalk/photos/a.230340873650143/24587673820823509/?type=3,03/08/2023,16:03,Wednesday,storage,4 hours,easy,How she solved our worst kitchen storage problem for $20 https://www.hometalk.com/l/5A1p,"colorful, kitchen utensils",,181110,8,57,30,6580,3.63%
https://www.facebook.com/Hometalk/photos/a.230340873650143/24586767037580854/?type=3,03/08/2023,12:03,Wednesday,outdoor,3 weeks,medium,They cleared the dirt from a corner of their yard for a beautiful upgrade https://www.hometalk.com/l/y2e1,"green, brown, outdoors",,145372,1,57,0,1684,1.16%
https://www.facebook.com/Hometalk/photos/a.230340873650143/24585281694396055/?type=3,03/08/2023,7:03,Wednesday,outdoor,3 days,easy,"She drapes an old beach towel over 2 plastic buckets for an amazing, $5 idea https://www.hometalk.com/l/GazH","blue, person",,83270,4,36,3,974,1.17%
https://www.facebook.com/Hometalk/photos/a.230340873650143/24593716260219265/?type=3,03/09/2023,16:03,Thursday,kitchen,10 hours,easy,Buy a can of shaving cream to do this to your cabinet doors (this is amazing!) https://www.hometalk.com/l/0pDC,"brown, window",,384167,37,142,11,19319,5.03%
https://www.facebook.com/Hometalk/photos/a.230340873650143/24593261583598066/?type=3,03/09/2023,14:03,Thursday,Cleaning,5 minutes,easy,"She pours a bit of olive oil on a napkin for this smart, 5-minute kitchen hack https://www.hometalk.com/l/FSie","hand, paper towel, yellow stain",,232260,18,52,15,7439,3.20%
https://www.facebook.com/Hometalk/photos/a.230340873650143/24591196747137883/?type=3,03/09/2023,7:03,Thursday,kitchen,3 days,medium,She spray paints 25 dollar store frames for the coolest kitchen upgrade https://www.hometalk.com/l/4NMz,"green, grey, person spraying",,160460,5,56,3,4897,3.05%
https://www.facebook.com/Hometalk/photos/a.230340873650143/24592760806981477/?type=3,03/09/2023,12:03,Thursday,upcycle,2 days,easy,The 2 changes that will make any old dresser look super classy (no paint or stain!) https://www.hometalk.com/l/wcSc,"grey, brown, desk",,172556,5,48,4,2260,1.31%
https://www.facebook.com/Hometalk/photos/a.230340873650143/24594297976827760/?type=3,03/09/2023,19:03,Thursday,kitchen,3 hours,easy,"If your appliances are looking a little worse for wear, do this instead of splurging on replacements https://www.hometalk.com/l/aUlU","yellow, hands unclear what object is",,140852,5,30,4,1912,1.36%
https://www.facebook.com/Hometalk/photos/a.230340873650143/24598867639704127/?type=3,03/10/2023,12:03,Friday,outdoor,5 minutes,easy,She took down her old hanging planters for this zero-maintenance way to get a magazine-worthy porch https://www.hometalk.com/l/kh8Z,"brown, planters, porch",,328940,6,103,11,11049,3.36%
https://www.facebook.com/Hometalk/photos/a.230340873650143/24599778499613041/?type=3,03/10/2023,16:03,Friday,kitchen,2 days,medium,"This kitchen didn't have a backsplash, so they did this in 1 weekend https://www.hometalk.com/l/HmYd","kitchen, black white",,268788,13,220,34,10672,3.97%
https://www.facebook.com/Hometalk/photos/a.230340873650143/24600371466220411/?type=3,03/10/2023,19:03,Friday,outdoor,1 hour,easy,"Instead of tossing her faded old patio umbrella, she has a brilliant idea https://www.hometalk.com/l/oMQy","turqoise, hand",,211175,13,93,11,9954,4.71%
https://www.facebook.com/Hometalk/photos/a.230340873650143/24599347582989466/?type=3,03/10/2023,14:03,Friday,upcycle,slideshow,,20 crazy beautiful things people did with an old hutch https://www.hometalk.com/l/cnT7,"brown, vintage, hutch",,149847,10,76,3,1944,1.30%
https://www.facebook.com/Hometalk/photos/a.230340873650143/24597365673187657/?type=3,03/10/2023,7:03,Friday,Cleaning,2 minutes,easy,We should've been doing this to our dirty sponges all along (2-minute hack) https://www.hometalk.com/l/cFGN,"sponge, yellow, colorful, hand",,81409,1,13,2,686,0.84%
https://www.facebook.com/Hometalk/photos/a.230340873650143/24606492085608349/?type=3,03/11/2023,19:03,Saturday,upcycle,3 days,medium,This surprisingly doable $50 update might make you rethink your outdated dining chairs https://www.hometalk.com/l/PHlf,"blue, brown, price before chair",,314222,11,132,6,6582,2.09%
https://www.facebook.com/Hometalk/photos/a.230340873650143/24604937799097111/?type=3,03/11/2023,12:03,Saturday,storage,3 hours,medium,The $7 kitchen storage idea everyone is going to want to copy https://www.hometalk.com/l/iPD7,"brown, hand",,124029,6,32,5,1905,1.54%
https://www.facebook.com/Hometalk/photos/a.230340873650143/24605877782336446/?type=3,03/11/2023,16:03,Saturday,Storage,1 hour,easy,Why everyone will be saving Pringles cans and wrapping paper this week (kitchen hack!) https://www.hometalk.com/l/vbVV,purple red,,134226,3,40,3,1902,1.42%
https://www.facebook.com/Hometalk/photos/a.230340873650143/24605415275716030/?type=3,03/11/2023,14:03,Saturday,Spring,3 hours,easy,How she used a container lid to refresh her door for spring https://www.hometalk.com/l/sY28,"red, yellow",,148749,5,36,0,1827,1.23%
https://www.facebook.com/Hometalk/photos/a.230340873650143/24603417245915833/?type=3,03/11/2023,7:03,Saturday,pet,slideshow,,30 great ideas every pet owner should see this weekend https://www.hometalk.com/l/KcgP,"dog, red, white, black",,62075,4,22,2,462,0.74%
https://www.facebook.com/Hometalk/photos/a.230340873650143/24609381315319426/?type=3,03/12/2023,7:03,Sunday,Cleaning,15 minutes,easy,"She mixes lemon juice and hydrogen peroxide for this genius, $5 hack https://www.hometalk.com/l/FOye","yellow, green, liquid",,268228,25,56,8,9555,3.56%
https://www.facebook.com/Hometalk/photos/a.230340873650143/24612443155013242/?type=3,03/12/2023,19:03,Sunday,kitchen,5 days,easy,She pours vinegar on her kitchen cabinets for this unique update https://www.hometalk.com/l/lyOH,"brown, blue, old kitche, before",yes,121061,10,46,12,2706,2.24%
https://www.facebook.com/Hometalk/photos/a.230340873650143/24611493261774898/?type=3,03/12/2023,14:03,Sunday,Spring,30 minutes,easy,This might just be the simplest spring wreath hack we've ever seen https://www.hometalk.com/l/5RLU,"colorful, flowers",,108028,3,54,5,1341,1.24%
https://www.facebook.com/Hometalk/photos/a.230340873650143/24611002291823995/?type=3,03/12/2023,12:03,Sunday,outdoor,4 hours,easy,"Inspired by a$135 planters, this DIYer turned old buckets into something gorgeous for $5 https://www.hometalk.com/l/5Uay",orange planter,,146646,6,51,0,1142,0.78%
https://www.facebook.com/Hometalk/photos/a.230340873650143/24617570984500459/?type=3,03/13/2023,16:03,Monday,Outdoor,10 minutes,easy,How this clever gardener uses chicken wire and a piece of plastic https://www.hometalk.com/l/U6Mgr,"pink chicken wire, hands, unclear photo",,290317,24,67,4,5669,1.95%
https://www.facebook.com/Hometalk/photos/a.230340873650143/24615070194750538/?type=3,03/13/2023,7:03,Monday,Outdoor,6 hours,easy,How to fix your terribly stained concrete in a single afternoon https://www.hometalk.com/l/KyJS,"yellow, grey, before after",,181456,12,53,4,2691,1.48%
https://www.facebook.com/Hometalk/photos/a.230340873650143/24617117131212511/?type=3,03/13/2023,14:03,Monday,Decor,3 hours,medium,The $13 way to turn any old piece into a faux wicker stunner https://www.hometalk.com/l/sBqE,"white, green, dresser, before",,154522,4,80,8,1732,1.12%
https://www.facebook.com/Hometalk/photos/a.230340873650143/24616592831264941/?type=3,03/13/2023,12:03,Monday,Cleaning,10 minutes,easy,This 5-ingredient cleaner will save you a ton of scrubbing this spring https://www.hometalk.com/l/kdFF,"blue, pouring",,106333,14,30,2,1097,1.03%
https://www.facebook.com/Hometalk/photos/a.230340873650143/24618138604443697/?type=3,03/13/2023,19:03,Monday,kitchen,1 month,medium,"Take the doors off your cabinets for this beautiful, cottage-style upgrade (on a budget!) https://www.hometalk.com/l/0YhA","brown, old kitchen, before",,109561,5,36,1,690,0.63%
https://www.facebook.com/Hometalk/photos/a.230340873650143/24622622533995304/?type=3,03/14/2023,12:03,Tuesday,Decor,30 minutes,easy,Why you might want to put a $1 lampshade on your countertop https://www.hometalk.com/l/Vpfk,"red, lampshade before",,326872,7,104,18,15095,4.62%
https://www.facebook.com/Hometalk/photos/a.230340873650143/24624138043843753/?type=3,03/14/2023,19:03,Tuesday,Outdoor,30 minutes,easy,Stick a broom through a pool noodle for this genius lighting hack https://www.hometalk.com/l/I8U5,"red, pool noodle",,202820,10,51,4,8480,4.18%
https://www.facebook.com/Hometalk/photos/a.230340873650143/24623567073900850/?type=3,03/14/2023,16:03,Tuesday,Bathroom,3 hours,easy,This $30 wall update is such an interesting way to upgrade your bathroom! https://www.hometalk.com/l/rsDRS,"black, white, bathroom, before",,298437,3,88,19,4377,1.47%
https://www.facebook.com/Hometalk/photos/a.230340873650143/24623114450612779/?type=3,03/14/2023,14:03,Tuesday,Outdoor,2 hours,easy,Use some garden fencing for this 2-hour way to make your garden more enjoyable this spring https://www.hometalk.com/l/8g5m,"green, hands, cutting net",,196060,8,54,2,3136,1.60%
https://www.facebook.com/Hometalk/photos/a.230340873650143/24621006367490254/?type=3,03/14/2023,7:03,Tuesday,Storage,4 hours,easy,They pull everything out of their closet for this MAJOR storage upgrade https://www.hometalk.com/l/eL8k,"white, closet, messy, before",,195310,10,46,9,2348,1.20%
https://www.facebook.com/Hometalk/photos/a.230340873650143/24630127979911426/?type=3,03/15/2023,19:03,Wednesday,upcycle,,,"She takes the doors off her cupboard, cuts them in half, screws them back on, & get an amazing look https://www.hometalk.com/l/5U1R",wooden doors cut in half,,330005,10,127,6,17451,5.29%
https://www.facebook.com/Hometalk/photos/a.230340873650143/24629551513302406/?type=3,03/15/2023,16:03,Wednesday,Decor,,,12 creative ways to hide your ugliest eyesores https://www.hometalk.com/l/tl4h,"white, black, hand",,173839,26,111,8,4051,2.33%
https://www.facebook.com/Hometalk/photos/a.230340873650143/24627020133555544/?type=3,03/15/2023,7:03,Wednesday,Spring,30 minutes,easy,Put all your trash cans in the bathtub to copy this spring hack https://www.hometalk.com/l/VRlD,"white, black, showerhead",,246723,11,63,9,3795,1.54%
https://www.facebook.com/Hometalk/photos/a.230340873650143/24629106096680281/?type=3,03/15/2023,14:03,Wednesday,upcycle,3 days,easy,This might be our new favorite way to update a vanity (wild!) https://www.hometalk.com/l/neU3,"black, bathroom, before",,163769,3,80,12,2166,1.32%
https://www.facebook.com/Hometalk/photos/a.230340873650143/24628618886729002/?type=3,03/15/2023,12:03,Wednesday,Outdoor,30 minutes,easy,Add these to your window boxes to create instant curb appeal on a teeny tiny budget https://www.hometalk.com/l/MFoc,"green, window, outdoors",,112775,1,38,1,545,0.48%
https://www.facebook.com/Hometalk/photos/a.230340873650143/24634003706190520/?type=3,03/16/2023,12:03,Thursday,Spring,30 minutes,easy,Fill the bottom of a bucket with pebbles to make your spring porch look amazing https://www.hometalk.com/l/4khL,"pebbles in bucket, white",,148088,3,40,3,3908,2.64%
https://www.facebook.com/Hometalk/photos/a.230340873650143/24634804469443777/?type=3,03/16/2023,16:03,Thursday,Outdoor,2 minutes,easy,The easy way to use 1 little stick light to make your outdoor space more fun https://www.hometalk.com/l/tkli,"led light, dark photo, not colorful",,118254,7,21,0,1430,1.21%
https://www.facebook.com/Hometalk/photos/a.230340873650143/24632688782988679/?type=3,03/16/2023,7:03,Thursday,Bathroom,2 weeks,medium,This bathroom makeover has some of the best shortcuts we've ever seen https://www.hometalk.com/l/0o5Y,"beige, bathroom before",,117675,4,26,0,1041,0.88%
https://www.facebook.com/Hometalk/photos/a.230340873650143/24634416619482562/?type=3,03/16/2023,14:03,Thursday,Bathroom,30 minutes,easy,This simple bathroom update will make ALL the difference https://www.hometalk.com/l/wVNn,"white, bathtub",,88258,2,22,0,289,0.33%
https://www.facebook.com/Hometalk/photos/a.230340873650143/24635289719395252/?type=3,03/16/2023,19:03,Thursday,Storage,4 hours,easy,Can you guess how much these storage boxes cost? https://www.hometalk.com/l/URrn5,"orange, farmhouse",,73128,2,33,0,218,0.30%
https://www.facebook.com/Hometalk/photos/a.230340873650143/24640055918918632/?type=3,03/17/2023,16:03,Friday,Hack,2 minutes,easy,She stuffs laundry lint into empty paper towel rolls for a handy hack that's easy and free https://www.hometalk.com/l/zzyV,"blue, lint",,715665,70,303,70,12468,1.74%
https://www.facebook.com/Hometalk/photos/a.230340873650143/24640531788871045/?type=3,03/17/2023,19:03,Friday,Organization,1 week,medium,She spray paints PVC pipes and caps for a seasonal storage win we never imagined https://www.hometalk.com/l/Lruy,"green, hand, spraying",,235539,16,78,2,7659,3.25%
https://www.facebook.com/Hometalk/photos/a.230340873650143/24639184582339099/?type=3,03/17/2023,12:03,Friday,Storage,2 weeks,medium,She puts 3 boxes on her bedroom floor for this brilliant storage idea https://www.hometalk.com/l/a2Fi,"brown, wood frames on floor",,250850,9,68,2,7386,2.94%
https://www.facebook.com/Hometalk/photos/a.230340873650143/24637857709138453/?type=3,03/17/2023,7:03,Friday,Outdoor,3 days,easy,The sun porch makeover everyone needs to see before spring arrives! https://www.hometalk.com/l/M9jL,"green, porch, before",,173226,12,126,4,3326,1.92%
https://www.facebook.com/Hometalk/photos/a.230340873650143/24639639505626940/?type=3,03/17/2023,14:03,Friday,Storage,30 minutes,easy,She sticks Command hooks to a Walmart mirror for this brilliant storage hack  https://www.hometalk.com/l/Sura,"brown, messy shelves",,203390,3,54,5,1779,0.87%
https://www.facebook.com/Hometalk/photos/a.230340873650143/24644177205173170/?type=3,03/18/2023,12:03,Saturday,Decor,1 hour,easy,She hangs a utensil tray on her wall for this clever decor idea https://www.hometalk.com/l/GSCb,"untensil tray, white",,338851,7,128,29,19616,5.79%
https://www.facebook.com/Hometalk/photos/a.230340873650143/24645357468388477/?type=3,03/18/2023,19:03,Saturday,Bathroom,1 hour,easy,"If you have an extra kitchen sponge handy, you can transform your bathroom in 1 hour https://www.hometalk.com/l/0jlX","green, dark photo, sponge",,302824,6,50,6,7245,2.39%
https://www.facebook.com/Hometalk/photos/a.230340873650143/24642895965301294/?type=3,03/18/2023,7:03,Saturday,Outdoor,3 hours,medium,This has got to be the wildest way to upgrade your old flower boxes https://www.hometalk.com/l/6dCZ,"blue, brown, planter, before",,205416,18,87,17,6492,3.16%
https://www.facebook.com/Hometalk/photos/a.230340873650143/24644931558431068/?type=3,03/18/2023,16:03,Saturday,kitchen,4 weeks,medium,You might want to wrap your cabinet boxes in tape to copy this $160 update https://www.hometalk.com/l/XALZ,"blue, person, kitchen, before",,122677,8,64,14,3077,2.51%
https://www.facebook.com/Hometalk/photos/a.230340873650143/24644566635134227/?type=3,03/18/2023,14:03,Saturday,Outdoor,1 hour,easy,Put these on your porch to make your house look amazing before flower season https://www.hometalk.com/l/92GZ,"brown, unclear object",,152895,8,50,6,2114,1.38%
https://www.facebook.com/Hometalk/photos/a.230340873650143/24648944211363136/?type=3,03/19/2023,12:03,Sunday,Staircase,1 week,easy,"We have NEVER seen anyone make over their staircase like this before, but we're ðŸ˜² https://www.hometalk.com/l/tFa0","beige, stairs, before",,162592,4,43,8,5668,3.49%
https://www.facebook.com/Hometalk/photos/a.230340873650143/24647648494826041/?type=3,03/19/2023,7:03,Sunday,Bathroom,8 hours,medium,Change the size and shape of your builder-grade bathroom mirror without removing it https://www.hometalk.com/l/APtD,"yellow, before",,184855,10,51,3,5572,3.01%
https://www.facebook.com/Hometalk/photos/a.230340873650143/24650117517912472/?type=3,03/19/2023,19:03,Sunday,upcycle,2 hours,easy,"People are doing crazy creative things with old, metal blinds https://www.hometalk.com/l/fTiiG","white, part of scissors ",,148293,4,44,13,5332,3.60%
https://www.facebook.com/Hometalk/photos/a.230340873650143/24649692927954931/?type=3,03/19/2023,16:03,Sunday,Hack,2 days,easy,"She pours some fabric softener into her paint for this incredible, $35 hack https://www.hometalk.com/l/EEFb","colorful, person, pouring",,78133,30,49,0,2634,3.37%
https://www.facebook.com/Hometalk/photos/a.230340873650143/24649334454657445/?type=3,03/19/2023,14:03,Sunday,Outdoor,10 minutes,easy,She stuffs cotton balls into a TP tube for this genius outdoor safety hack https://www.hometalk.com/l/KNKC,"toilet roll, white",,82375,25,36,0,1668,2.02%
https://www.facebook.com/Hometalk/photos/a.230340873650143/24654591010798456/?type=3,03/20/2023,16:03,Monday,Cleaning,20 minutes,easy,Why pouring vinegar into your toilet tank is the best trick to add to your routine https://www.hometalk.com/l/ZyPb,"vinegar, toilet",,494077,101,415,64,12326,2.49%
https://www.facebook.com/Hometalk/photos/a.230340873650143/24652408774350013/?type=3,03/20/2023,7:03,Monday,Bedroom,2 days,medium,"Instead of bringing beds into this bedroom, this couple did something brilliant https://www.hometalk.com/l/9Feh","brown, bedroom, before",yes,351991,10,118,18,9644,2.74%
https://www.facebook.com/Hometalk/photos/a.230340873650143/24653773924213498/?type=3,03/20/2023,12:03,Monday,Spring,3 hours,easy,She paints an old baby toy black to create this sweet spring accent https://www.hometalk.com/l/9qdtu,"colorful, black",,288799,2,88,5,7783,2.69%
https://www.facebook.com/Hometalk/photos/a.230340873650143/24655044934086397/?type=3,03/20/2023,19:03,Monday,Patio,4 hours,easy,Why you should take the cushions off your patio chairs this week https://www.hometalk.com/l/qMX0,"green, grass",,225736,7,38,12,2178,0.96%
https://www.facebook.com/Hometalk/photos/a.230340873650143/24654198314171059/?type=3,03/20/2023,14:03,Monday,Laundry room,,,18 budget-friendly ideas that'll give your depressing laundry room a boost https://www.hometalk.com/l/Y5QX0,"bad photo, laundry room, grey, white",,99513,2,12,0,324,0.33%
https://www.facebook.com/Hometalk/photos/a.230340873650143/24657527970504760/?type=3,03/21/2023,7:03,Tuesday,Spring,30 minutes,easy,Wrap a microfiber cloth around a wreath form for this quick and pretty spring accent https://www.hometalk.com/l/axV2,"white, black, wreath wire",,242487,22,78,2,4607,1.90%
https://www.facebook.com/Hometalk/photos/a.230340873650143/24660194380238119/?type=3,03/21/2023,19:03,Tuesday,Spring,30 minutes,easy,She takes apart 5 shower loofahs to create the coolest spring accent for $5 https://www.hometalk.com/l/u28I,"green, hand, red",,202099,29,87,15,4589,2.27%
https://www.facebook.com/Hometalk/photos/a.230340873650143/24658800987044125/?type=3,03/21/2023,12:03,Tuesday,Organization,15 minutes,easy,Measure your kitchen drawers to copy this 15-minute organization upgrade https://www.hometalk.com/l/09E4,"brown, yellow",,179571,7,31,0,3188,1.78%
https://www.facebook.com/Hometalk/photos/a.230340873650143/24659250756999148/?type=3,03/21/2023,14:03,Tuesday,Spring,1 hour,easy,"She turned toilet paper into this incredible decoration for spring, how do YOU think it turned out? https://www.hometalk.com/l/I1F9","white, toilet paper",,105687,3,23,3,2020,1.91%
https://www.facebook.com/Hometalk/photos/a.230340873650143/24659642686959955/?type=3,03/21/2023,16:03,Tuesday,Outdoor,2 days,easy,"The quick, $20 fix for your cracked and worn concrete steps https://www.hometalk.com/l/jNEw","cement, before",,173089,19,46,0,1883,1.09%
https://www.facebook.com/Hometalk/photos/a.230340873650143/24662672463323644/?type=3,03/22/2023,7:03,Wednesday,planter,30 minutes,easy,Bury a tiny pot inside a larger pot for this front porch idea https://www.hometalk.com/l/Q0GRo,"brown, planter, before",,387999,41,172,18,12048,3.11%
https://www.facebook.com/Hometalk/photos/a.230340873650143/24664439489813608/?type=3,03/22/2023,14:03,Wednesday,kitchen,15 minutes,easy,How she updates her glass kitchen cabinets in 15 minutes https://www.hometalk.com/l/WWBa,"brown, yellow, before, kitchen cabinets",,402615,12,106,10,5869,1.46%
https://www.facebook.com/Hometalk/photos/a.230340873650143/24664002233190667/?type=3,03/22/2023,12:03,Wednesday,outdoor,6 hours,medium,They dug up their old brick walkway for a gorgeous yard makeover https://www.hometalk.com/l/0QSS,"green, blue, bricks",,230383,1,44,1,2896,1.26%
https://www.facebook.com/Hometalk/photos/a.230340873650143/24664883149769242/?type=3,03/22/2023,16:03,Wednesday,outdoor,2 months,advanced,"If you have the space, you might want to try this couple's incredible outdoor idea https://www.hometalk.com/l/jpzQ","green, outdoors",,121677,1,28,1,1116,0.92%
https://www.facebook.com/Hometalk/photos/a.230340873650143/24665408403050050/?type=3,03/22/2023,19:03,Wednesday,bathroom,6 hours,easy,This transformation takes just 1 day to do and it will make your bathroom look amazing https://www.hometalk.com/l/1R4I,"green, blue, toilet, before",,85340,0,21,1,1057,1.24%
https://www.facebook.com/Hometalk/photos/a.230340873650143/24670652195859004/?type=3,03/23/2023,19:03,Thursday,upcycle,2 hours,easy,"Instead of painting her old oak cabinets, look what this woman does in half the time https://www.hometalk.com/l/204n","brown, black, person, before",,395093,28,139,28,15234,3.86%
https://www.facebook.com/Hometalk/photos/a.230340873650143/24669313965992827/?type=3,03/23/2023,12:03,Thursday,cleaning,3 hours,easy,Why she sprayed oven cleaner all over her old dining room chair https://www.hometalk.com/l/wQJ5,"blue, green, brown, before",,173665,11,67,10,2877,1.66%
https://www.facebook.com/Hometalk/photos/a.230340873650143/24669744652616425/?type=3,03/23/2023,14:03,Thursday,easter,1 hour,easy,She wraps rope around a jumbo Easter egg for this amazing garden hack https://www.hometalk.com/l/dJHQ,"turqoise, egg, before",,267410,15,111,3,2277,0.85%
https://www.facebook.com/Hometalk/photos/a.230340873650143/24670158419241715/?type=3,03/23/2023,16:03,Thursday,outdoor,30 minutes,easy,Spread glue on a paper towel to copy this clever garden hack https://www.hometalk.com/l/fW1Q,"white, hand",,156241,9,59,3,1607,1.03%
https://www.facebook.com/Hometalk/photos/a.230340873650143/24667963742794516/?type=3,03/23/2023,7:03,Thursday,outdoor,20 minutes,easy,Cut up empty bottles for this easy way to have your best spring garden yet https://www.hometalk.com/l/6J2e,"white, before",,119356,6,29,0,640,0.54%
https://www.facebook.com/Hometalk/photos/a.230340873650143/24674778945446329/?type=3,03/24/2023,14:03,Friday,living room,,medium,A couple hangs a 10-foot pipe on the wall for a stunning living room https://www.hometalk.com/l/wQHG,"blue, before",,244664,5,96,4,9102,3.72%
https://www.facebook.com/Hometalk/photos/a.230340873650143/24675659205358303/?type=3,03/24/2023,19:03,Friday,planter,1 hour,easy,Use a hanger and 2 large planters for this stunning outdoor feature https://www.hometalk.com/l/ftYT,"green, planters, before",,288192,37,92,5,8249,2.86%
https://www.facebook.com/Hometalk/photos/a.230340873650143/24674372088820348/?type=3,03/24/2023,12:03,Friday,upcycle,4 hours,medium,Cut a table base in half to copy this gorgeous $30 living room idea https://www.hometalk.com/l/BX3U,"brown, before",,153984,15,97,16,3101,2.01%
https://www.facebook.com/Hometalk/photos/a.230340873650143/24673099738947583/?type=3,03/24/2023,7:03,Friday,window treatment,1 hour,easy,Use 3 tension rods to make your windows look amazing in under an hour https://www.hometalk.com/l/eBBT,"white, black, kitchen, before, person",,144725,21,58,7,1542,1.07%
https://www.facebook.com/Hometalk/photos/a.230340873650143/24675179182072972/?type=3,03/24/2023,16:03,Friday,porch,,easy,She paints an old pair of boots black to create this gorgeous porch accent https://www.hometalk.com/l/0gYM,"pink, boots, before",,188244,6,79,1,1392,0.74%
https://www.facebook.com/Hometalk/photos/a.230340873650143/24679386338318923/?type=3,03/25/2023,12:03,Saturday,Upcycle,4 weeks,medium,She flips an old dresser on its side to give it this incredible faux-carved update https://www.hometalk.com/l/pUkB,brown black before,,431492,16,143,5,10632,2.46%
https://www.facebook.com/Hometalk/photos/a.230340873650143/24679790518278505/?type=3,03/25/2023,14:03,Saturday,Outdoor,30 minutes,easy,This DIYer bends BBQ skewers for this 10-minute outdoor hack https://www.hometalk.com/l/3vf5,"green, before",,194906,21,69,6,4526,2.32%
https://www.facebook.com/Hometalk/photos/a.230340873650143/24680654328192124/?type=3,03/25/2023,19:03,Saturday,Bathroom,4 hours,medium,The unexpected way to seriously upgrade your bathroom in an afternoon https://www.hometalk.com/l/Etw7k,"white, before",,254660,4,169,6,2572,1.01%
https://www.facebook.com/Hometalk/photos/a.230340873650143/24680177951573095/?type=3,03/25/2023,16:03,Saturday,Dollar store,30 minutes,easy,She glues an old plate to a wreath ring & then uses 3 more rings to do THIS https://www.hometalk.com/l/VTq9,"white, orange, before",,117277,1,29,1,2160,1.84%
https://www.facebook.com/Hometalk/photos/a.230340873650143/24678085848448972/?type=3,03/25/2023,7:03,Saturday,Laundry room,3 days,medium,"In just 3 days, she created the most serene space for washing clothes (ever!) https://www.hometalk.com/l/6E4c","dark, white, brown, before",,198304,2,77,2,1883,0.95%
https://www.facebook.com/Hometalk/photos/a.230340873650143/24684377614486462/?type=3,03/26/2023,12:03,Sunday,planter,3 hours,medium,"She spreads this all over her old, plastic planters to give them a gorgeous look for $2 https://www.hometalk.com/l/8CeB","brown, grey, before",,171414,8,76,6,6277,3.66%
https://www.facebook.com/Hometalk/posts/pfbid0vdD6NpSL7Wb73HJUciSmSHjDFEebNcVbrTBw3gTCd65mrujeytsiQRF6VonGf9jul,03/26/2023,16:03,Sunday,Planter,15 minutes,easy,Flip 2 garden planters over for this brilliant idea for your porch https://www.hometalk.com/l/cEbWz,"green, brown, planter before",,134508,5,35,1,2751,2.05%
https://www.facebook.com/Hometalk/photos/a.230340873650143/24684755914448632/?type=3,03/26/2023,14:03,Sunday,Easter,under an hour,Easy,15 adorable Easter porch ideas that we're already planning to make https://www.hometalk.com/l/mdXt,colorful after photo,,163577,51,224,13,1686,1.03%
https://www.facebook.com/Hometalk/photos/a.230340873650143/24685575891033301/?type=3,3/26/2023,19:03,Sunday,Planter,2 days,medium,Why she pours chopped up pool noodles into a planter to prepare for spring https://www.hometalk.com/l/06T5,"Blue, brown, before",,104108,16,38,10,1371,1.32%
https://www.facebook.com/Hometalk/photos/a.230340873650143/24680654328192124/?type=3,03/25/2023 19:03,7:03:00 PM,Saturday,Bathroom,4 hours,medium,The unexpected way to seriously upgrade your bathroom in an afternoon https://www.hometalk.com/l/Etw7k,"bathroom before, white black grey",,254660,4,169,6,2572,
https://www.facebook.com/Hometalk/photos/a.230340873650143/24680177951573095/?type=3,03/25/2023 16:03,4:03:00 PM,Saturday,"Wreath, dollar tree",30 min,Easy,She glues an old plate to a wreath ring & then uses 3 more rings to do THIS https://www.hometalk.com/l/VTq9,White,,117277,1,29,1,2160,
https://www.facebook.com/Hometalk/photos/a.230340873650143/24679790518278505/?type=3,03/25/2023 14:03,2:03:00 PM,Saturday,Outdoor,10 min,Easy,This DIYer bends BBQ skewers for this 10-minute outdoor hack https://www.hometalk.com/l/3vf5,"Green, garden",,194906,21,69,6,4526,
https://www.facebook.com/Hometalk/photos/a.230340873650143/24679386338318923/?type=3,03/25/2023 12:03,12:03:00 PM,Saturday,Upcycle,4 weeks,medium,She flips an old dresser on its side to give it this incredible faux-carved update https://www.hometalk.com/l/pUkB,"wood, metal, black, dresser on side",,431492,16,143,5,10632,
https://www.facebook.com/Hometalk/photos/a.230340873650143/24678085848448972/?type=3,03/25/2023 7:03,7:03:00 AM,Saturday,Laundry room,3 days,medium,"In just 3 days, she created the most serene space for washing clothes (ever!) https://www.hometalk.com/l/6E4c","Laundry room before, bad photos, dark",,198304,2,77,2,1883,
https://www.facebook.com/Hometalk/photos/a.230340873650143/24675659205358303/?type=3,03/24/2023 19:03,7:03:00 PM,Friday,Outdoor,1 hour,easy,Use a hanger and 2 large planters for this stunning outdoor feature https://www.hometalk.com/l/ftYT,"Planter, green, black",,288192,37,92,5,8249,
https://www.facebook.com/Hometalk/photos/a.230340873650143/24675179182072972/?type=3,03/24/2023 16:03,4:03:00 PM,Friday,Upcycle,,easy,She paints an old pair of boots black to create this gorgeous porch accent https://www.hometalk.com/l/0gYM,"pink, boots, before",,188244,6,79,1,1392,
https://www.facebook.com/Hometalk/photos/a.230340873650143/24674778945446329/?type=3,03/24/2023 14:03,2:03:00 PM,Friday,Living room,,,A couple hangs a 10-foot pipe on the wall for a stunning living room https://www.hometalk.com/l/wQHG,"blue, man hanging",,244664,5,96,4,9102,
https://www.facebook.com/Hometalk/photos/a.230340873650143/24674372088820348/?type=3,03/24/2023 12:03,12:03:00 PM,Friday,Upcycle,4 hours,medium,Cut a table base in half to copy this gorgeous $30 living room idea https://www.hometalk.com/l/BX3U,"wood, grey",,153984,15,97,16,3101,
https://www.facebook.com/Hometalk/photos/a.230340873650143/24673099738947583/?type=3,03/24/2023 7:03,7:03:00 AM,Friday,window treatment,1 hour,easy,Use 3 tension rods to make your windows look amazing in under an hour https://www.hometalk.com/l/eBBT,"white, black, woman hanging",,144725,21,58,7,1542,
https://www.facebook.com/Hometalk/photos/a.230340873650143/24670652195859004/?type=3,03/23/2023 19:03,7:03:00 PM,Thursday,kitchen,2 hours,easy,"Instead of painting her old oak cabinets, look what this woman does in half the time https://www.hometalk.com/l/204n","woman, brown",yes,395093,28,139,28,15234,
https://www.facebook.com/Hometalk/photos/a.230340873650143/24670158419241715/?type=3,03/23/2023 16:03,4:03:00 PM,Thursday,Garden,30 min,easy,Spread glue on a paper towel to copy this clever garden hack https://www.hometalk.com/l/fW1Q,"Blue, white",,156241,9,59,3,1607,
https://www.facebook.com/Hometalk/photos/a.230340873650143/24669744652616425/?type=3,03/23/2023 14:03,2:03:00 PM,Thursday,Easter,1 hour,easy,She wraps rope around a jumbo Easter egg for this amazing garden hack https://www.hometalk.com/l/dJHQ,"turqoise, egg",,267410,15,111,3,2277,
https://www.facebook.com/Hometalk/photos/a.230340873650143/24669313965992827/?type=3,03/23/2023 12:03,12:03:00 PM,Thursday,Upcycle,3 hours,easy,Why she sprayed oven cleaner all over her old dining room chair https://www.hometalk.com/l/wQJ5,"brown, blue, vintage chair, before",,173665,11,67,10,2877,
https://www.facebook.com/Hometalk/photos/a.230340873650143/24667963742794516/?type=3,03/23/2023 7:03,7:03:00 AM,Thursday,Garden,20 min,easy,Cut up empty bottles for this easy way to have your best spring garden yet https://www.hometalk.com/l/6J2e,"clear, white",,119356,6,29,0,640,
https://www.facebook.com/Hometalk/photos/a.230340873650143/24665408403050050/?type=3,03/22/2023 19:03,7:03:00 PM,Wednesday,Bathroom,6 hours,easy,This transformation takes just 1 day to do and it will make your bathroom look amazing https://www.hometalk.com/l/1R4I,"green, white, bathroom, before",,85340,0,21,1,1057,
https://www.facebook.com/Hometalk/photos/a.230340873650143/24664883149769242/?type=3,03/22/2023 16:03,4:03:00 PM,Wednesday,Outdoor,2 months,advanced,"If you have the space, you might want to try this couple's incredible outdoor idea https://www.hometalk.com/l/jpzQ","green, backyard, before",,121677,1,28,1,1116,
https://www.facebook.com/Hometalk/photos/a.230340873650143/24664439489813608/?type=3,03/22/2023 14:03,2:03:00 PM,Wednesday,kitchen,15 min,easy,How she updates her glass kitchen cabinets in 15 minutes https://www.hometalk.com/l/WWBa,"white, dark photos, before",yes,402615,12,106,10,5869,
https://www.facebook.com/Hometalk/photos/a.230340873650143/24664002233190667/?type=3,03/22/2023 12:03,12:03:00 PM,Wednesday,outdoor,6 hours,medium,They dug up their old brick walkway for a gorgeous yard makeover https://www.hometalk.com/l/0QSS,"green, brown",,230383,1,44,1,2896,
https://www.facebook.com/Hometalk/photos/a.230340873650143/24662672463323644/?type=3,03/22/2023 7:03,7:03:00 AM,Wednesday,outdoor,30 min,easy,Bury a tiny pot inside a larger pot for this front porch idea https://www.hometalk.com/l/Q0GRo,"planter, brown, dirt",,387999,41,172,18,12048,
https://www.facebook.com/Hometalk/photos/a.230340873650143/24660194380238119/?type=3,03/21/2023 19:03,7:03:00 PM,Tuesday,wreath,30 min,easy,She takes apart 5 shower loofahs to create the coolest spring accent for $5 https://www.hometalk.com/l/u28I,"bright green, loofa",,202099,29,87,15,4589,
https://www.facebook.com/Hometalk/photos/a.230340873650143/24659642686959955/?type=3,03/21/2023 16:03,4:03:00 PM,Tuesday,outdoor,2 days,easy,"The quick, $20 fix for your cracked and worn concrete steps https://www.hometalk.com/l/jNEw","grey, concrete",,173089,19,46,0,1883,
https://www.facebook.com/Hometalk/photos/a.230340873650143/24659250756999148/?type=3,03/21/2023 14:03,2:03:00 PM,Tuesday,Spring,1 hour,easy,"She turned toilet paper into this incredible decoration for spring, how do YOU think it turned out? https://www.hometalk.com/l/I1F9","white, toilet paper",,105687,3,23,3,2020,
https://www.facebook.com/Hometalk/photos/a.230340873650143/24658800987044125/?type=3,03/21/2023 12:03,12:03:00 PM,Tuesday,kitchen storage,15 minutes,easy,Measure your kitchen drawers to copy this 15-minute organization upgrade https://www.hometalk.com/l/09E4,"yellow, wood, kitchen",,179571,7,31,0,3188,
https://www.facebook.com/Hometalk/photos/a.230340873650143/24657527970504760/?type=3,03/21/2023 7:03,7:03:00 AM,Tuesday,Easter,30 minutes,easy,Wrap a microfiber cloth around a wreath form for this quick and pretty spring accent https://www.hometalk.com/l/axV2,"wreath wire, black white",,242487,22,78,2,4607,
https://www.facebook.com/Hometalk/photos/a.230340873650143/24655044934086397/?type=3,03/20/2023 19:03,7:03:00 PM,Monday,outdoor,4 hours,easy,Why you should take the cushions off your patio chairs this week https://www.hometalk.com/l/qMX0,"green, metal chairs",,225736,7,38,12,2178,
https://www.facebook.com/Hometalk/photos/a.230340873650143/24654591010798456/?type=3,03/20/2023 16:03,4:03:00 PM,Monday,cleaning,20 minutes,easy,Why pouring vinegar into your toilet tank is the best trick to add to your routine https://www.hometalk.com/l/ZyPb,"vinegar, toilet",,494077,101,415,64,12326,
https://www.facebook.com/Hometalk/photos/a.230340873650143/24654198314171059/?type=3,03/20/2023 14:03,2:03:00 PM,Monday,Laundry room,,,18 budget-friendly ideas that'll give your depressing laundry room a boost https://www.hometalk.com/l/Y5QX0,"silver, bad photo",,99513,2,12,0,324,
https://www.facebook.com/Hometalk/photos/a.230340873650143/24653773924213498/?type=3,03/20/2023 12:03,12:03:00 PM,Monday,Spring,3 hours,easy,She paints an old baby toy black to create this sweet spring accent https://www.hometalk.com/l/9qdtu,"colorful, black",,288799,2,88,5,7783,
https://www.facebook.com/Hometalk/photos/a.230340873650143/24652408774350013/?type=3,03/20/2023 7:03,7:03:00 AM,Monday,Bedroom,2 days,medium,"Instead of bringing beds into this bedroom, this couple did something brilliant https://www.hometalk.com/l/9Feh","beige, room",,351991,10,118,18,9644,
https://www.facebook.com/Hometalk/photos/a.230340873650143/24650117517912472/?type=3,03/19/2023 19:03,7:03:00 PM,Sunday,lighting,2 hours,easy,"People are doing crazy creative things with old, metal blinds https://www.hometalk.com/l/fTiiG","white, scisorrs, blinds",,148293,4,44,13,5332,
https://www.facebook.com/Hometalk/photos/a.230340873650143/24649692927954931/?type=3,03/19/2023 16:03,4:03:00 PM,Sunday,upcycle,2 days,easy,"She pours some fabric softener into her paint for this incredible, $35 hack https://www.hometalk.com/l/EEFb","orange, pink, pouring",,78133,30,49,0,2634,
https://www.facebook.com/Hometalk/photos/a.230340873650143/24649334454657445/?type=3,03/19/2023 14:03,2:03:00 PM,Sunday,outdoor,10 minutes,easy,She stuffs cotton balls into a TP tube for this genius outdoor safety hack https://www.hometalk.com/l/KNKC,"toilet roll, white",,82375,25,36,0,1668,
https://www.facebook.com/Hometalk/photos/a.230340873650143/24648944211363136/?type=3,03/19/2023 12:03,12:03:00 PM,Sunday,Staircase,1 week,easy,"We have NEVER seen anyone make over their staircase like this before, but we're ðŸ˜² https://www.hometalk.com/l/tFa0","blue, white, beige, carpet stairs",,162592,4,43,8,5668,
https://www.facebook.com/Hometalk/photos/a.230340873650143/24647648494826041/?type=3,03/19/2023 7:03,7:03:00 AM,Sunday,Bathroom,8 hours,medium,Change the size and shape of your builder-grade bathroom mirror without removing it https://www.hometalk.com/l/APtD,"yellow, bathroom",,184855,10,51,3,5572,
https://www.facebook.com/Hometalk/photos/a.230340873650143/24645357468388477/?type=3,03/18/2023 19:03,7:03:00 PM,Saturday,Bathroom,1 hour,easy,"If you have an extra kitchen sponge handy, you can transform your bathroom in 1 hour https://www.hometalk.com/l/0jlX","green, sponge, bathroom",,302824,6,50,6,7245,
https://www.facebook.com/Hometalk/photos/a.230340873650143/24644931558431068/?type=3,03/18/2023 16:03,4:03:00 PM,Saturday,kitchen,4 weeks,medium,You might want to wrap your cabinet boxes in tape to copy this $160 update https://www.hometalk.com/l/XALZ,"brown, blue, kitche, person",,122677,8,64,14,3077,
https://www.facebook.com/Hometalk/photos/a.230340873650143/24644566635134227/?type=3,03/18/2023 14:03,2:03:00 PM,Saturday,planter,1 hour,easy,Put these on your porch to make your house look amazing before flower season https://www.hometalk.com/l/92GZ,"brown, grey, planters",,152895,8,50,6,2114,
https://www.facebook.com/Hometalk/photos/a.230340873650143/24644177205173170/?type=3,03/18/2023 12:03,12:03:00 PM,Saturday,dollar store,1 hour,easy,She hangs a utensil tray on her wall for this clever decor idea https://www.hometalk.com/l/GSCb,"white, plastic utensil",,338851,7,128,29,19616,
https://www.facebook.com/Hometalk/photos/a.230340873650143/24642895965301294/?type=3,03/18/2023 7:03,7:03:00 AM,Saturday,planter,1 hour,easy,This has got to be the wildest way to upgrade your old flower boxes https://www.hometalk.com/l/6dCZ,blue planter outdoor,,205416,18,87,17,6492,
https://www.facebook.com/Hometalk/photos/a.230340873650143/24640531788871045/?type=3,03/17/2023 19:03,7:03:00 PM,Friday,spring,1 week,medium,She spray paints PVC pipes and caps for a seasonal storage win we never imagined https://www.hometalk.com/l/Lruy,"green, hand, spraying",,235539,16,78,2,7659,
https://www.facebook.com/Hometalk/photos/a.230340873650143/24640055918918632/?type=3,03/17/2023 16:03,4:03:00 PM,Friday,reuse,2 min,easy,She stuffs laundry lint into empty paper towel rolls for a handy hack that's easy and free https://www.hometalk.com/l/zzyV,"blue, lint",,715665,70,303,70,12468,
https://www.facebook.com/Hometalk/photos/a.230340873650143/24639639505626940/?type=3,03/17/2023 14:03,2:03:00 PM,Friday,storge,30 min,easy,She sticks Command hooks to a Walmart mirror for this brilliant storage hack  https://www.hometalk.com/l/Sura,"wood, shelves messy",,203390,3,54,5,1779,
https://www.facebook.com/Hometalk/photos/a.230340873650143/24639184582339099/?type=3,03/17/2023 12:03,12:03:00 PM,Friday,storge,2 weeks,medium,She puts 3 boxes on her bedroom floor for this brilliant storage idea https://www.hometalk.com/l/a2Fi,"wood, floor",,250850,9,68,2,7386,
https://www.facebook.com/Hometalk/photos/a.230340873650143/24637857709138453/?type=3,03/17/2023 7:03,7:03:00 AM,Friday,porch,3 days,easy,The sun porch makeover everyone needs to see before spring arrives! https://www.hometalk.com/l/M9jL,"green, porch",,173226,12,126,4,3326,
https://www.facebook.com/Hometalk/photos/a.230340873650143/24635289719395252/?type=3,03/16/2023 19:03,7:03:00 PM,Thursday,farmhouse,4 hours,easy,Can you guess how much these storage boxes cost? https://www.hometalk.com/l/URrn5,"orange, white, farmhouse",,73128,2,33,0,218,
https://www.facebook.com/Hometalk/photos/a.230340873650143/24634804469443777/?type=3,03/16/2023 16:03,4:03:00 PM,Thursday,outdoor,2 minutes,easy,The easy way to use 1 little stick light to make your outdoor space more fun https://www.hometalk.com/l/tkli,led light dark photo,,118254,7,21,0,1430,
https://www.facebook.com/Hometalk/photos/a.230340873650143/24634416619482562/?type=3,03/16/2023 14:03,2:03:00 PM,Thursday,bathroom,30 minutes,easy,This simple bathroom update will make ALL the difference https://www.hometalk.com/l/wVNn,"bath, white",,88258,2,22,0,289,
https://www.facebook.com/Hometalk/photos/a.230340873650143/24634003706190520/?type=3,03/16/2023 12:03,12:03:00 PM,Thursday,outdoor,30 minutes,easy,Fill the bottom of a bucket with pebbles to make your spring porch look amazing https://www.hometalk.com/l/4khL,"white, rocks",,148088,3,40,3,3908,
https://www.facebook.com/Hometalk/photos/a.230340873650143/24632688782988679/?type=3,03/16/2023 7:03,7:03:00 AM,Thursday,bathroom,2 weeks,medium,This bathroom makeover has some of the best shortcuts we've ever seen https://www.hometalk.com/l/0o5Y,"yellow, bathroom before",,117675,4,26,0,1041,
https://www.facebook.com/Hometalk/photos/a.230340873650143/24630127979911426/?type=3,03/15/2023 19:03,7:03:00 PM,Wednesday,kitchen,2 days,medium,"She takes the doors off her cupboard, cuts them in half, screws them back on, & get an amazing look https://www.hometalk.com/l/5U1R","wood, grey, cut doors",,330005,10,127,6,17451,
https://www.facebook.com/Hometalk/photos/a.230340873650143/24629551513302406/?type=3,03/15/2023 16:03,4:03:00 PM,Wednesday,home decor,,,12 creative ways to hide your ugliest eyesores https://www.hometalk.com/l/tl4h,"white, black",,173839,26,111,8,4051,
https://www.facebook.com/Hometalk/photos/a.230340873650143/24629106096680281/?type=3,03/15/2023 14:03,2:03:00 PM,Wednesday,bathroom,3 days,easy,This might be our new favorite way to update a vanity (wild!) https://www.hometalk.com/l/neU3,"dark grey, bathroom before",,163769,3,80,12,2166,
https://www.facebook.com/Hometalk/photos/a.230340873650143/24628618886729002/?type=3,03/15/2023 12:03,12:03:00 PM,Wednesday,outdoor,30 minutes,easy,Add these to your window boxes to create instant curb appeal on a teeny tiny budget https://www.hometalk.com/l/MFoc,"grey, green, outdoor, planter",,112775,1,38,1,545,
https://www.facebook.com/Hometalk/photos/a.230340873650143/24627020133555544/?type=3,03/15/2023 7:03,7:03:00 AM,Wednesday,cleaning,30 minutes,easy,Put all your trash cans in the bathtub to copy this spring hack https://www.hometalk.com/l/VRlD,"black, white, garbage cans, bathtub",,246723,11,63,9,3795,
https://www.facebook.com/Hometalk/photos/a.230340873650143/24624138043843753/?type=3,03/14/2023 19:03,7:03:00 PM,Tuesday,outdoor,30 minutes,easy,Stick a broom through a pool noodle for this genius lighting hack https://www.hometalk.com/l/I8U5,"red, pool noodle",,202820,10,51,4,8480,
https://www.facebook.com/Hometalk/photos/a.230340873650143/24623567073900850/?type=3,03/14/2023 16:03,4:03:00 PM,Tuesday,bathroom,3 hours,easy,This $30 wall update is such an interesting way to upgrade your bathroom! https://www.hometalk.com/l/rsDRS,"black, white, bathroom, before",,298437,3,88,19,4377,
https://www.facebook.com/Hometalk/photos/a.230340873650143/24623114450612779/?type=3,03/14/2023 14:03,2:03:00 PM,Tuesday,outdoor,2 hours,easy,Use some garden fencing for this 2-hour way to make your garden more enjoyable this spring https://www.hometalk.com/l/8g5m,"black, outdoor, net, blue, scissors cutting",,196060,8,54,2,3136,
https://www.facebook.com/Hometalk/photos/a.230340873650143/24622622533995304/?type=3,03/14/2023 12:03,12:03:00 PM,Tuesday,upcycle,30 minutes,easy,Why you might want to put a $1 lampshade on your countertop https://www.hometalk.com/l/Vpfk,"red, lampshade",,326872,7,104,18,15095,
https://www.facebook.com/Hometalk/photos/a.230340873650143/24621006367490254/?type=3,03/14/2023 7:03,7:03:00 AM,Tuesday,Organization,4 hours,easy,They pull everything out of their closet for this MAJOR storage upgrade https://www.hometalk.com/l/eL8k,"white, closet, messy, before",,195310,10,46,9,2348,
https://www.facebook.com/Hometalk/photos/a.230340873650143/24618138604443697/?type=3,03/13/2023 19:03,7:03:00 PM,Monday,kitchen,1 month,medium,"Take the doors off your cabinets for this beautiful, cottage-style upgrade (on a budget!) https://www.hometalk.com/l/0YhA","brown, old kitchen, before",,109561,5,36,1,690,
https://www.facebook.com/Hometalk/photos/a.230340873650143/24617570984500459/?type=3,03/13/2023 16:03,4:03:00 PM,Monday,garden,10 minutes,easy,How this clever gardener uses chicken wire and a piece of plastic https://www.hometalk.com/l/U6Mgr,"white, chickenwire, hand",,290317,24,67,4,5669,
https://www.facebook.com/Hometalk/photos/a.230340873650143/24617117131212511/?type=3,03/13/2023 14:03,2:03:00 PM,Monday,upcycle,3 hours,medium,The $13 way to turn any old piece into a faux wicker stunner https://www.hometalk.com/l/sBqE,"white, dresser",,154522,4,80,8,1732,
https://www.facebook.com/Hometalk/photos/a.230340873650143/24616592831264941/?type=3,03/13/2023 12:03,12:03:00 PM,Monday,cleaning,10 minutes,easy,This 5-ingredient cleaner will save you a ton of scrubbing this spring https://www.hometalk.com/l/kdFF,"blue, pouring",,106333,14,30,2,1097,
https://www.facebook.com/Hometalk/photos/a.230340873650143/24615070194750538/?type=3,03/13/2023 7:03,7:03:00 AM,Monday,outdoor,6 hours,easy,How to fix your terribly stained concrete in a single afternoon https://www.hometalk.com/l/KyJS,"grey, concrete, before after",,181456,12,53,4,2691,
https://www.facebook.com/Hometalk/photos/a.230340873650143/24612443155013242/?type=3,03/12/2023 19:03,7:03:00 PM,Sunday,kitchen,5 days,easy,She pours vinegar on her kitchen cabinets for this unique update https://www.hometalk.com/l/lyOH,"blue, brown, kitchen, before",,121061,10,46,12,2706,
https://www.facebook.com/Hometalk/photos/a.230340873650143/24611493261774898/?type=3,03/12/2023 14:03,2:03:00 PM,Sunday,spring,,easy,This might just be the simplest spring wreath hack we've ever seen https://www.hometalk.com/l/5RLU,"colorful, flowers",,108028,3,54,5,1341,
https://www.facebook.com/Hometalk/photos/a.230340873650143/24611002291823995/?type=3,03/12/2023 12:03,12:03:00 PM,Sunday,spring,4 hours,easy,"Inspired by a$135 planters, this DIYer turned old buckets into something gorgeous for $5 https://www.hometalk.com/l/5Uay","orange, planters",,146646,6,51,0,1142,
https://www.facebook.com/Hometalk/photos/a.230340873650143/24609381315319426/?type=3,03/12/2023 7:03,7:03:00 AM,Sunday,cleaning,15 minutes,easy,"She mixes lemon juice and hydrogen peroxide for this genius, $5 hack https://www.hometalk.com/l/FOye","green, liquid",,268228,25,56,8,9555,
https://www.facebook.com/Hometalk/photos/a.230340873650143/24606492085608349/?type=3,03/11/2023 19:03,7:03:00 PM,Saturday,upcycle,3 days,medium,This surprisingly doable $50 update might make you rethink your outdated dining chairs https://www.hometalk.com/l/PHlf,"blue, wood, chair, price",,314222,11,132,6,6582,
https://www.facebook.com/Hometalk/photos/a.230340873650143/24605877782336446/?type=3,03/11/2023 16:03,4:03:00 PM,Saturday,storage,1 hour,easy,Why everyone will be saving Pringles cans and wrapping paper this week (kitchen hack!) https://www.hometalk.com/l/vbVV,"purple, red, pringles",,134226,3,40,3,1902,
https://www.facebook.com/Hometalk/photos/a.230340873650143/24605415275716030/?type=3,03/11/2023 14:03,2:03:00 PM,Saturday,spring,3 hours,easy,How she used a container lid to refresh her door for spring https://www.hometalk.com/l/sY28,"red, yellow",,148749,5,36,0,1827,
https://www.facebook.com/Hometalk/photos/a.230340873650143/24604937799097111/?type=3,03/11/2023 12:03,12:03:00 PM,Saturday,kitchen,3 hours,medium,The $7 kitchen storage idea everyone is going to want to copy https://www.hometalk.com/l/iPD7,"brown, hand, wood, cutting",,124029,6,32,5,1905,
https://www.facebook.com/Hometalk/photos/a.230340873650143/24603417245915833/?type=3,03/11/2023 7:03,7:03:00 AM,Saturday,Pets,,,30 great ideas every pet owner should see this weekend https://www.hometalk.com/l/KcgP,"black, white, red, dog",,62075,4,22,2,462,
https://www.facebook.com/Hometalk/photos/a.230340873650143/24600371466220411/?type=3,03/10/2023 19:03,7:03:00 PM,Friday,outdoor,1 hour,easy,"Instead of tossing her faded old patio umbrella, she has a brilliant idea https://www.hometalk.com/l/oMQy","Turqoise, hand",,211175,13,93,11,9954,
https://www.facebook.com/Hometalk/photos/a.230340873650143/24599778499613041/?type=3,03/10/2023 16:03,4:03:00 PM,Friday,kitchen,2 days,medium,"This kitchen didn't have a backsplash, so they did this in 1 weekend https://www.hometalk.com/l/HmYd","kitche, white, grey, before",,268788,13,220,34,10672,
https://www.facebook.com/Hometalk/photos/a.230340873650143/24599347582989466/?type=3,03/10/2023 14:03,2:03:00 PM,Friday,Upcycle,,,20 crazy beautiful things people did with an old hutch https://www.hometalk.com/l/cnT7,"brown, hutch, before",,149847,10,76,3,1944,
https://www.facebook.com/Hometalk/photos/a.230340873650143/24598867639704127/?type=3,03/10/2023 12:03,12:03:00 PM,Friday,outdoor,5 minutes,easy,She took down her old hanging planters for this zero-maintenance way to get a magazine-worthy porch https://www.hometalk.com/l/kh8Z,"brown, dirt, planter",,328940,6,103,11,11049,
https://www.facebook.com/Hometalk/photos/a.230340873650143/24597365673187657/?type=3,03/10/2023 7:03,7:03:00 AM,Friday,Cleaning,2 minutes,easy,We should've been doing this to our dirty sponges all along (2-minute hack) https://www.hometalk.com/l/cFGN,"yellow, hand, colorful",,81409,1,13,2,686,
https://www.facebook.com/Hometalk/photos/a.230340873650143/24594297976827760/?type=3,03/09/2023 19:03,7:03:00 PM,Thursday,kitchen,3 hours,easy,"If your appliances are looking a little worse for wear, do this instead of splurging on replacements https://www.hometalk.com/l/aUlU","green, hands, tape",,140852,5,30,4,1912,
https://www.facebook.com/Hometalk/photos/a.230340873650143/24593716260219265/?type=3,03/09/2023 16:03,4:03:00 PM,Thursday,Upcycle,10 hours,easy,Buy a can of shaving cream to do this to your cabinet doors (this is amazing!) https://www.hometalk.com/l/0pDC,"wood, dark, window",,384167,37,142,11,19319,
https://www.facebook.com/Hometalk/photos/a.230340873650143/24593261583598066/?type=3,03/09/2023 14:03,2:03:00 PM,Thursday,Cleaning,5 minutes,easy,"She pours a bit of olive oil on a napkin for this smart, 5-minute kitchen hack https://www.hometalk.com/l/FSie","white, yellow, hand",,232260,18,52,15,7439,
https://www.facebook.com/Hometalk/photos/a.230340873650143/24592760806981477/?type=3,03/09/2023 12:03,12:03:00 PM,Thursday,Upcycle,2 days,easy,The 2 changes that will make any old dresser look super classy (no paint or stain!) https://www.hometalk.com/l/wcSc,"wood, black",,172556,5,48,4,2260,
https://www.facebook.com/Hometalk/photos/a.230340873650143/24591196747137883/?type=3,03/09/2023 7:03,7:03:00 AM,Thursday,Dollar store,3 days,medium,She spray paints 25 dollar store frames for the coolest kitchen upgrade https://www.hometalk.com/l/4NMz,"green, black, person",yes,160460,5,56,3,4897,
https://www.facebook.com/Hometalk/photos/a.230340873650143/24588230904101134/?type=3,03/08/2023 19:03,7:03:00 PM,Wednesday,accent wall,30 minutes,easy,She sticks 5 Command strips on her wall for a trend that's spreading like crazy https://www.hometalk.com/l/owQa,"red, white, command stickers",,211095,9,66,30,17740,
https://www.facebook.com/Hometalk/photos/a.230340873650143/24587673820823509/?type=3,03/08/2023 16:03,4:03:00 PM,Wednesday,Organization,4 hours,easy,How she solved our worst kitchen storage problem for $20 https://www.hometalk.com/l/5A1p,"kichen, colorful, mess",,181110,8,57,30,6580,
https://www.facebook.com/Hometalk/photos/a.230340873650143/24587241620866729/?type=3,03/08/2023 14:03,2:03:00 PM,Wednesday,bathroom,2 days,medium,"Instead of tearing up your dingy bathroom tile, clean the floor and then do THIS https://www.hometalk.com/l/EKkE","beige, brown, bathroom tiles",,373155,18,92,10,8245,
https://www.facebook.com/Hometalk/photos/a.230340873650143/24586767037580854/?type=3,03/08/2023 12:03,12:03:00 PM,Wednesday,outdoor,3 weeks,medium,They cleared the dirt from a corner of their yard for a beautiful upgrade https://www.hometalk.com/l/y2e1,"green, brown, blue",,145372,1,57,0,1684,
https://www.facebook.com/Hometalk/photos/a.230340873650143/24585281694396055/?type=3,03/08/2023 7:03,7:03:00 AM,Wednesday,Outdoor,3 days,easy,"She drapes an old beach towel over 2 plastic buckets for an amazing, $5 idea https://www.hometalk.com/l/GazH","blue, person",,83270,4,36,3,974,
https://www.facebook.com/Hometalk/photos/a.230340873650143/24582113234712901/?type=3,03/07/2023 19:03,7:03:00 PM,Tuesday,Home accent,30 minutes,easy,Pour this into cupcake liners (it's not batter!) if you love Pottery Barn https://www.hometalk.com/l/K6A6Z,"colorful, pouring",,90513,4,17,0,1766,
https://www.facebook.com/Hometalk/photos/a.230340873650143/24581504971440394/?type=3,03/07/2023 16:03,4:03:00 PM,Tuesday,cleaning,10 minutes,easy,"Grab an extra container of cornstarch for this amazing, 10-minute hack https://www.hometalk.com/l/d0Pc","yellow, blue, hand",,166713,13,55,1,3410,
https://www.facebook.com/Hometalk/photos/a.230340873650143/24581060741484817/?type=3,03/07/2023 14:03,2:03:00 PM,Tuesday,furniture,2 days,easy,The gorgeous reason she stands giant pieces of PVC pipe in her living room https://www.hometalk.com/l/Zajh,"grey, person, black",,122963,2,33,0,1301,
https://www.facebook.com/Hometalk/photos/a.230340873650143/24580574411533450/?type=3,03/07/2023 12:03,12:03:00 PM,Tuesday,furniture,2 days,medium,She uses armfuls of pool noodles to make something mind-blowing for her living room https://www.hometalk.com/l/ozDZ,"colorful, person, pool noodles",,116770,8,35,0,1480,
https://www.facebook.com/Hometalk/photos/a.230340873650143/24579011818356376/?type=3,03/07/2023 7:03,7:03:00 AM,Tuesday,Home accent,1 day,easy,We can't wait to copy this gorgeous turmeric hack https://www.hometalk.com/l/Yett,"yellow, pot, hand mixing",,98885,3,20,2,455,
https://www.facebook.com/Hometalk/photos/a.230340873650143/24575867065337518/?type=3,03/06/2023 19:03,7:03:00 PM,Monday,hacks,10 minutes,easy,10 Hacks you didn't know you could do with a Magic Eraser https://www.hometalk.com/l/2B79,"blue, yellow, hand",,172555,17,66,5,5669,
https://www.facebook.com/Hometalk/photos/a.230340873650143/24575867122004179/?type=3,03/06/2023 19:03,7:03:00 PM,Monday,bedroom,2 days,easy,She cuts pool noodles in half for this wild and beautiful bedroom upgrade you haven't seen before https://www.hometalk.com/l/Z41l,"blue, yellow, pool noodle",,190185,9,66,0,5099,
https://www.facebook.com/Hometalk/photos/a.230340873650143/24575237358733822/?type=3,03/06/2023 16:03,4:03:00 PM,Monday,dollar store,2 days,easy,Spray some dollar store bowls for the cutest (and easiest!) garden decor idea fhttps://www.hometalk.com/l/bWQQ,"hand, grey, white, spray",,106536,3,29,3,675,
https://www.facebook.com/Hometalk/photos/a.230340873650143/24574762365447988/?type=3,03/06/2023 14:03,2:03:00 PM,Monday,furniture,1 day,easy,"She uses empty cardboard boxes for an insanely cool, $20 living room update https://www.hometalk.com/l/fdL2","brown, black, person",,75733,1,18,4,838,
https://www.facebook.com/Hometalk/photos/a.230340873650143/24574234045500820/?type=3,03/06/2023 12:03,12:03:00 PM,Monday,accent wall,20 minutes,easy,"5 ways to create an accent wall in 20 minutes, and the best part? these are all renter friendly! https://www.hometalk.com/l/troY","hand, black, white",,87169,2,27,0,827,
https://www.facebook.com/Hometalk/photos/a.230340873650143/24569706425953582/?type=3,03/05/2023 19:03,7:03:00 PM,Sunday,Outdoor,3 months,advanced,She ripped up her lawn for a front yard update that saved her so much money https://www.hometalk.com/l/6IRL,"green, red, outdoor",,40675,0,14,0,361,
https://www.facebook.com/Hometalk/photos/a.230340873650143/24569189289338629/?type=3,03/05/2023 16:03,4:03:00 PM,Sunday,bedroom,3 hours,easy,Everyone is going to be copying this $6 bed upgrade when they see what she did https://www.hometalk.com/l/cDrT,"white, blue, person",,129732,10,57,1,5183,
https://www.facebook.com/Hometalk/photos/a.230340873650143/24568777046046520/?type=3,03/05/2023 14:03,2:03:00 PM,Sunday,upcycle,10 hours,advanced,They split this vintage vanity down the middle for a breathtaking flip https://www.hometalk.com/l/5Wpv,"brown, furniture",,65946,4,47,12,947,
https://www.facebook.com/Hometalk/photos/a.230340873650143/24568338259423732/?type=3,03/05/2023 12:03,12:03:00 PM,Sunday,easter,1 hour,easy,The $4 spring decorating hack we cannot wait to try https://www.hometalk.com/l/KDDn,"pink, liquid, unclear",,47119,0,15,1,407,
https://www.facebook.com/Hometalk/photos/a.230340873650143/24566919349565623/?type=3,03/05/2023 7:03,7:03:00 AM,Sunday,hacks,10 hours,easy,The surprising reason we should all be sprinkling used coffee grounds by our doors and windows https://www.hometalk.com/l/7GuC,"brown, blue, black",,98675,12,39,0,2416,